index,published,topic,term,domain,language,valid,de,title,description,en,la,url,image,archive,content,quote,added,feed,country,ipcc,continent
fc35257b207c04f2a2a6901117204328,2026-01-01T22:01:25Z,Tropical Cyclone,taifun,adevarul.ro,ro,0.1,"2. Januar: Der Tag, an dem die Sowjetunion Luna 1 startete, die erste Sonde, die die Sonne umkreiste. Am 2. Januar 1822 wurde der Mathematiker und Physiker Rudolf Julius Emanuel Clausius geboren, der den zweiten Hauptsatz der Thermodynamik formulierte. Außerdem wurde am 2. Januar 1970 die Sängerin Sanda Ladoși geboren, die 2004 am Eurovision Song Contest teilnahm.","2 ianuarie: Ziua în care Uniunea Sovietică a lansat Luna 1, prima sondă care a orbitat Soarele","Pe 2 ianuarie 1822 s-a născut matematicianul și fizicianul Rudolf Julius Emanuel Clausius, care a formulat cea de-a doua lege a termodinamicii. De asemenea, pe 2 ianuarie 1970 s-a născut cântăreața Sanda Ladoși, care a participat la Eurovision în 2004.","January 2: The day the Soviet Union launched Luna 1, the first probe to orbit the Sun. On January 2, 1822, the mathematician and physicist Rudolf Julius Emanuel Clausius was born, who formulated the second law of thermodynamics. Also, on January 2, 1970, the singer Sanda Ladoși was born, who participated in Eurovision in 2004.","Ianuarii 2: Dies Unionis Sovieticae Lunam 1, primum explorans ad Solem orbit. Die 2 Ianuarii 1822 natus est Rudolfus Iulius Emanuel et Physicus physicus, qui secundum legem de malo dedit. Etiam die 2 mensis Ianuarii anno 1970 natus est cantor Sanda Ladoși, qui anno 2004 Eurovisioni interfuit.",https://adevarul.ro/istoria-zilei/2-ianuarie-ziua-in-care-uniunea-sovietica-a-2495106.html,https://cdn.adh.reperio.news/image-1/1e20fb64-ea67-4639-a489-f190c5429284/index.jpeg?p=f%3Djpeg%26w%3D1200%26h%3D630%26r%3Dcover%26c%3D0%252C0.323%252C1%252C0.454,,"Pe 2 ianuarie 1822 s-a nscut matematicianul i fizicianul Rudolf Julius Emanuel Clausius, care a formulat cea de-a doua lege a termodinamicii. De asemenea, pe 2 ianuarie 1970 s-a nscut cântreaa Sanda … [+9469 chars]",,2026-01-15 10:53:41+00:00,random,,,
14bb4867f9cf49fa110d29b241631393,2026-01-02T07:02:28Z,Drought,seceta moldova,www.digi24.ro,ro,0.1,"Xi Jinping wird Lee Jae Myung in Peking angesichts der zunehmenden Spannungen zwischen China und Japan treffen. Der chinesische Präsident Xi Jinping wird seinen südkoreanischen Amtskollegen Lee Jae Myung ab Sonntag zu einem Staatsbesuch empfangen, vor einem angespannten regionalen Hintergrund, der durch zunehmend kühlere Beziehungen zwischen Peking und Tokio in Bezug auf Taiwan gekennzeichnet ist. Besuchen, Anzeigen…","Xi Jinping se va întâlni cu Lee Jae Myung la Beijing, pe fondul tensiunilor tot mai mari dintre China și Japonia","Președintele Chinei, Xi Jinping, îl va primi pe omologul său sud-coreean, Lee Jae Myung, într-o vizită de stat care începe duminică, într-un context regional tensionat, marcat de relațiile tot mai reci dintre Beijing și Tokyo din cauza Taiwanului. Vizita, a d…","Xi Jinping will meet Lee Jae Myung in Beijing amid rising tensions between China and Japan. Chinese President Xi Jinping will host his South Korean counterpart, Lee Jae Myung, on a state visit starting on Sunday, amid a tense regional backdrop marked by increasingly chilly relations between Beijing and Tokyo over Taiwan. Visit, ad…","Xi Jinping occurret Lee Jae Myung in Beijing inter contentiones ortu inter Sinas et Iaponiam. Sinenses Praeses Xi Jinping exercitum suum Coreanum Meridionalem contra partem suam, Lee Jae Myung, in statum visitationis die Dominico incipientem, inter tempus regionale backollum notatum magis magisque frigidum relationes inter Beijing et Tokyo super Taiwan designabit. Visita, ad…",https://www.digi24.ro/stiri/externe/xi-jinping-se-va-intalni-cu-lee-jae-myung-la-beijing-pe-fondul-tensiunilor-tot-mai-mari-dintre-china-si-japonia-3568627,https://s.iw.ro/gateway/g/ZmlsZVNvdXJjZT1odHRwJTNBJTJGJTJG/c3RvcmFnZTA4dHJhbnNjb2Rlci5yY3Mt/cmRzLnJvJTJGc3RvcmFnZSUyRjIwMjYl/MkYwMSUyRjAyJTJGMjUxNjk3MV8yNTE2/OTcxX3Bob3RvLWNvbGxhZ2VfcG5nLTMw/LnBuZyZ3PTEyMDAmaD02MzAmemM9MSZo/YXNoPTU4YjU4NTgzZmY0YmY5NTVlNDFlNzJiNjczMGMyMWNl.thumb.jpg,,"Preedintele Chinei, Xi Jinping, îl va primi pe omologul su sud-coreean, Lee Jae Myung, într-o vizit de stat care începe duminic, într-un context regional tensionat, marcat de relaiile tot mai reci di… [+5056 chars]",,2026-01-15 10:53:41+00:00,edo,Moldova,WCE,Europe
4f5ef9387909978f282cb70ba00c2a66,2026-01-07T14:40:55Z,Volcano,erupție vulcanică,adevarul.ro,ro,0.1,"Die Schüler kehren am 8. Januar in die Schule zurück. Welche Ferien stehen im Schuljahr 2025–2026 an? Die Winterschulferien sind vorbei und Schüler im ganzen Land kehren am Donnerstag, den 8. Januar 2026, in den Unterricht zurück. Mit der Wiederaufnahme des Schulbetriebs beginnt Modul 3 der Schuljahresstruktur 2025–2026.",Elevii revin la școală pe 8 ianuarie. Ce vacanțe urmează în anul școlar 2025–2026,"Vacanța școlară de iarnă s-a încheiat, iar elevii din toată țara revin la cursuri joi, 8 ianuarie 2026. Odată cu reluarea școlii începe și Modulul 3 din structura anului școlar 2025–2026.","Students return to school on January 8. What holidays are coming up in the 2025–2026 school year. The winter school vacation is over and students across the country return to classes on Thursday, January 8, 2026. With the resumption of school, Module 3 of the 2025–2026 school year structure begins.","Discipuli ad scholam Kalendis Ianuariis redeunt 8. Quae feriae ascendunt in anno scholae 2025-2026. Vacationes scholae hiemales peractae sunt et discipuli per patriam redeunt ad classes die Iovis VIII mensis Ianuarii anno 2026. Resumptione scholae, Modulus 3 anni 2025-2026 structurae scholae incipit.",https://adevarul.ro/stiri-interne/educatie/elevii-revin-la-scoala-pe-8-ianuarie-ce-vacante-2499171.html,https://cdn.adh.reperio.news/image-a/a53fe257-76e4-4053-9d35-eb858fab8fe8/index.webp?p=f%3Djpeg%26w%3D1200%26h%3D630%26r%3Dcover,,"Vacana colar de iarn s-a încheiat, iar elevii din toat ara revin la cursuri joi, 8 ianuarie 2026. Odat cu reluarea colii începe i Modulul 3 din structura anului colar 20252026.

Vacana de iarn a dura… [+2183 chars]",,2026-01-15 10:53:41+00:00,random,,,
d533edb420ce2c12da15db910ae00268,2026-01-10T15:53:41Z,Iceberg,gheață de mare arctică,www.biziday.ro,ro,0.1,"Eine Reuters-Analyse zeigt, dass Dänemark seine Beziehungen zu den USA in der Grönlandfrage zu einer Zeit aufs Spiel setzt, in der Russland immer bedrohlicher wird. Die Übernahme durch die Amerikaner könnte jedoch einen gefährlichen Präzedenzfall für andere Gebiete schaffen. Reuters veröffentlicht die Analyse im Zusammenhang mit der Ankündigung des US-Außenministers Marco Rubio, dass er nächste Woche Dänemark besuchen wird, um mit den Vertretern Grönlands und Dänemarks zu sprechen. Dänemark wird jedoch ein Territorium verteidigen, das über ... hinausgeht.","Danemarca își riscă relațiile cu SUA, în problema Groenlandei, într-un moment în care Rusia devine tot mai amenințătoare, arată Reuters într-o analiză. Totuși, preluarea acesteia de către americani ar putea crea un precedent periculos pentru alte teritorii.","Reuters publică analiza în contextul în care secretarul american de Stat, Marco Rubio, a anunțat că va vizita Danemarca săptămâna viitoare, pentru a discuta cu reprezentanții Groenlandei și ai Danemarcei. Totuși, Danemarca va apăra un teritoriu care se îndepă…","Denmark is risking its relations with the US over the issue of Greenland at a time when Russia is becoming increasingly threatening, a Reuters analysis shows. However, its takeover by the Americans could create a dangerous precedent for other territories.. Reuters publishes the analysis in the context in which the US Secretary of State, Marco Rubio, announced that he will visit Denmark next week, to talk with the representatives of Greenland and Denmark. However, Denmark will defend a territory that goes beyond…","Dania rationes suas cum US super eventum Groenlandiae periclitatur quo tempore Russia magis magisque minabatur, Reuters analysi demonstrat. Tamen eius susceptor ab Americanis periculosum exemplum in aliis territoriis creare potuit. Sed Dania defendet agrum quod excedit.",https://www.biziday.ro/344567-2/,https://cdn.biziday.ro/wp-content/uploads/2026/01/Groenlanda-Nadzeya-Haroshka-Dreamstime.jpg,,"Reuters public analiza în contextul în care secretarul american de Stat, Marco Rubio, a anunat c va vizita Danemarca sptmâna viitoare, pentru a discuta cu reprezentanii Groenlandei i ai Danemarcei. T… [+4200 chars]",,2026-01-15 10:53:41+00:00,random,,,
1d1f12f2db341498168c8d3c31afb4a4,2026-01-10T20:35:04Z,Cold Wave,mercurul scade,www.digi24.ro,ro,0.1,"Panne bei Electrocentrale Craiova: Es können keine optimalen Temperaturparameter mehr gewährleistet werden. Der vom Energieminister angeforderte Krisenstab. Das Energieministerium gab am Samstagabend bekannt, dass Electrocentrale Craiova ihm mitgeteilt habe, dass es aufgrund eines technischen Fehlers vorübergehend nicht mehr in der Lage sei, die optimalen Temperaturparameter des an das Wärmenetz gelieferten Wärmeträgers sicherzustellen. Bogdan...",Avarie la Electrocentrale Craiova: nu mai poate asigura parametrii optimi de temperatură. Celulă de criză cerută de ministrul Energiei,"Ministerul Energiei a anunțat, sâmbătă seara, că a fost informat de către Electrocentrale Craiova că, din cauza unei avarii tehnice, nu mai poate asigura, temporar, parametrii optimi de temperatură ai agentului termic livrat în reţeaua de termoficare. Bogdan …","Breakdown at Electrocentrale Craiova: it can no longer ensure optimal temperature parameters. The crisis cell requested by the Minister of Energy. The Ministry of Energy announced, on Saturday evening, that it was informed by Electrocentrale Craiova that, due to a technical failure, it can no longer ensure, temporarily, the optimal temperature parameters of the thermal agent delivered to the heating network. Bogdan...","Naufragii apud Electrocentralem Craiova: is meliorem temperaturam parametris amplius curare non potest. Discrimen cellae a Ministro Energy postulatur. Ministerium Energy nuntiatum est vespere Sabbati ab Electrocentrali Craiova certior factus esse propter defectum technicae non amplius efficere, ad tempus, meliorem temperaturam parametri scelerisque agentis calefactionem retis tradidi. Bogdan...",https://www.digi24.ro/stiri/economie/energie/avarie-la-electrocentrale-craiova-nu-mai-poate-asigura-parametrii-optimi-de-temperatura-celula-de-criza-ceruta-de-ministrul-energiei-3579779,https://s.iw.ro/gateway/g/ZmlsZVNvdXJjZT1odHRwJTNBJTJGJTJG/c3RvcmFnZTA4dHJhbnNjb2Rlci5yY3Mt/cmRzLnJvJTJGc3RvcmFnZSUyRjIwMjQl/MkYxMCUyRjMwJTJGMjExNjA5NF8yMTE2/MDk0X2NyYWlvdmEuanBnJnc9MTIwMCZo/PTYzMCZ6Yz0xJmhhc2g9MGM4MDA0YjRlMDEzZmMwZjRkNDAyNWIzZTg1ZjA0ZmE=.thumb.jpg,,"Ministerul Energiei a anunat, sâmbt seara, c a fost informat de ctre Electrocentrale Craiova c, din cauza unei avarii tehnice, nu mai poate asigura, temporar, parametrii optimi de temperatur ai agent… [+2914 chars]",,2026-01-15 10:53:41+00:00,random,,,
3ad7eb183db4648e0c113abc8ea64353,2026-01-11T19:09:07Z,Drought,restricție de apă,www.digi24.ro,ro,0.1,"Was passiert, wenn die Regelung zur Preisobergrenze für Erdgas ausläuft? Bogdan Ivan: „Ich habe die Alternative vorbereitet.“ Im Zusammenhang mit dem Auslaufen der Deckelungsregelung für den Erdgaspreis am 1. April 2026 zeigte sich Bogdan Ivan zuversichtlich, dass Rumänien nach diesem Datum keine starken Preiserhöhungen mehr erleben wird, und wies darauf hin, dass es derzeit Angebote gibt...",Ce se va întâmpla după ce schema de plafonare a prețului la gaze naturale va expira. Bogdan Ivan: „Am pregătit alternativa”,"În contextul în care schema de plafonare a prețului la gaze naturale va expira la data de 1 aprilie 2026, Bogdan Ivan s-a arătat încrezător că România nu se va confrunta cu majorări abrupte de prețuri după această dată și a precizat că, în prezent, există ofe…","What will happen after the natural gas price cap scheme expires? Bogdan Ivan: ""I have prepared the alternative"". In the context in which the capping scheme for the price of natural gas will expire on April 1, 2026, Bogdan Ivan expressed confidence that Romania will not face steep price increases after this date and specified that, currently, there are offe...","Quid fiet cum naturali gasi pretio cap propositum exspirat? Bogdan Ivan: ""Opus paravi"". In contextu, quo schema capping pro pretio gasorum naturalium die 1 Aprilis 2026 exspirabit, Bogdan Ivan fiduciam expressit Romania non faciem arduam pretium augere post hunc diem et specificatum quod nunc non sunt off...",https://www.digi24.ro/stiri/economie/energie/ce-se-va-intampla-dupa-ce-schema-de-plafonare-a-pretului-la-gaze-naturale-va-expira-bogdan-ivan-am-pregatit-alternativa-3580381,https://s.iw.ro/gateway/g/ZmlsZVNvdXJjZT1odHRwJTNBJTJGJTJG/c3RvcmFnZTA2dHJhbnNjb2Rlci5yY3Mt/cmRzLnJvJTJGc3RvcmFnZSUyRjIwMjAl/MkYwNCUyRjE1JTJGMTE3NzgwNV8xMTc3/ODA1X0dldHR5SW1hZ2VzLWNhcmQtZmFj/dHVyYS1jYWxjdWxhdG9yLWJhbmktZ3Jp/amkuanBnJnc9MTIwMCZoPTYzMCZ6Yz0x/Jmhhc2g9MzE0MWFkMjQ0YzQ2OTczZmY5N2IzZDM0N2E5YjdhMTM=.thumb.jpg,,"În contextul în care schema de plafonare a preului la gaze naturale va expira la data de 1 aprilie 2026, Bogdan Ivan s-a artat încreztor c România nu se va confrunta cu majorri abrupte de preuri dup … [+2167 chars]",,2026-01-15 10:53:41+00:00,random,,,
b4cbc926d12f820042a950ea43b8f97d,2026-01-11T20:00:30Z,Volcano,erupție vulcanică,www.digi24.ro,ro,0.1,"Das Fundament der globalen Atomordnung bröckelt. Wie sich US-Verbündete auf die neue postamerikanische Ära vorbereiten. Nach dem Scheitern des Abkommens zwischen den USA und Russland zur Begrenzung ihrer Atomwaffenarsenale, Chinas rascher nuklearer Expansion und dem Zerfall des Nichtverbreitungsregimes droht die globale Atomordnung zusammenzubrechen. Die Rückkehr von Donald Trump…",Fundația ordinii nucleare globale se prăbușește. Cum se pregătesc aliații SUA de noua eră post-americană,"Ordinea nucleară globală amenință să se prăbușească după colapsul înțelegerii dintre SUA și Rusia privind limitarea arsenalelor lor nucleare, expansiunea nucleară fulgerătoare a Chinei și dezintegrarea regimului de neproliferare. Întoarcerea lui Donald Trump …","The foundation of the global nuclear order is crumbling. How US Allies Are Preparing for the New Post-American Era. The global nuclear order threatens to collapse after the collapse of the US-Russia deal to limit their nuclear arsenals, China's rapid nuclear expansion and the disintegration of the non-proliferation regime. The return of Donald Trump…","Fundamentum ordinis nuclei globalis collabescit. Quomodo foederati US Praeparant Novam Post-Americanam. Ordo nuclearis globalis ruinam minatur postquam ruina US-Russiae tractat, ut armamenta nuclei, celeris dilatatio nuclearis et dissolutio regiminis non multiplicationis Sinarum circumscribatur. De reditu Donaldi BUCINUM ...",https://www.digi24.ro/stiri/externe/fundatia-ordinii-nucleare-globale-se-prabuseste-cum-se-pregatesc-aliatii-sua-de-noua-era-post-americana-3572315,https://s.iw.ro/gateway/g/ZmlsZVNvdXJjZT1odHRwJTNBJTJGJTJG/c3RvcmFnZTA4dHJhbnNjb2Rlci5yY3Mt/cmRzLnJvJTJGc3RvcmFnZSUyRjIwMjYl/MkYwMSUyRjA1JTJGMjUyODAyOF8yNTI4/MDI4X3JhY2hldGUtYmFsaXN0aWNlLWlu/dGVyY29udGluZW50YWxlLXN1YS5qcGcm/dz0xMjAwJmg9NjMwJnpjPTEmaGFzaD0x/OTY2YmY1MTU3Yjg5NzZlNDIzZTIyMDdmZGI0NTk1NA==.thumb.jpg,,"Ordinea nuclear global amenin s se prbueasc, dup colapsul înelegerii dintre SUA i Rusia privind limitarea arsenalelor lor nucleare, expansiunea nuclear fulgertoare a Chinei i dezintegrarea regimului … [+4573 chars]",,2026-01-15 10:53:41+00:00,random,,,
c56ebbd4a0c2370ec574d905abd599cc,2026-01-13T18:34:28Z,Iceberg,fătare pe ghețar,www.digi24.ro,ro,0.1,"Das brennende Teheran und das Ende der „Achse des Bösen“. Warum die Freiheit des Iran Rumäniens Sicherheitsgarantie ist. Alexis de Tocqueville stellte bei der Analyse des Ancien Régime und der Revolution fest, dass der gefährlichste Moment für eine schlechte Regierung dann ist, wenn sie unter ihrem eigenen Gewicht zu wackeln beginnt. In der Geschichte fallen totalitäre Regime nicht dann, wenn sie am repressivsten sind, c...",Teheranul în flăcări și sfârșitul „Axei Răului”. De ce libertatea Iranului este garanția de securitate a României,"Alexis de Tocqueville observa, analizând Vechiul Regim și Revoluția, că momentul cel mai periculos pentru un guvern rău este atunci când începe să se clatine sub propria greutate. În istorie, regimurile totalitare nu cad atunci când sunt cele mai represive, c…","Burning Tehran and the end of the ""Axis of Evil"". Why Iran's freedom is Romania's security guarantee. Alexis de Tocqueville observed, analyzing the Ancien Régime and the Revolution, that the most dangerous moment for a bad government is when it begins to stagger under its own weight. In history, totalitarian regimes do not fall when they are the most repressive, c...","Igneus Tehran et finis ""Axis mali"". Quare libertas Irania securitatis Romaniae spondet. Alexis de Tocqueville animadvertit, Ancien Regimen et Revolutionem resolvere, periculosissimum momentum mali imperii esse, cum suo pondere vacillare coeperit. In historia, regimina totalitaria non cadunt cum maxime repressiva sunt, c...",https://www.digi24.ro/opinii/agora-digi/teheranul-in-flacari-si-sfarsitul-axei-raului-de-ce-libertatea-iranului-este-garantia-de-securitate-a-romaniei-3583143,https://s.iw.ro/gateway/g/ZmlsZVNvdXJjZT1odHRwJTNBJTJGJTJG/c3RvcmFnZTA4dHJhbnNjb2Rlci5yY3Mt/cmRzLnJvJTJGc3RvcmFnZSUyRjIwMjMl/MkYwMSUyRjAzJTJGMTY1MjIyNF8xNjUy/MjI0X2FsZXhhbmRydS1tdXJhcnUuanBn/Jnc9MTIwMCZoPTYzMCZ6Yz0xJmhhc2g9/M2ZmM2FhODFiM2U1MjZlNzI4NGNmODg0NGZmZWMxMDk=.thumb.jpg,,"Alexis de Tocqueville observa, analizând Vechiul Regim i Revoluia, c momentul cel mai periculos pentru un guvern ru este atunci când începe s se clatine sub propria greutate. În istorie, regimurile t… [+7008 chars]",,2026-01-15 10:53:41+00:00,random,,,
3ba3541792ff17ca0adc19b15d8e80a3,2026-01-14T09:28:03Z,Precipitation,ploaie brazilia,www.digi24.ro,ro,0.2,"Die Grippewelle nimmt in Rumänien besorgniserregend zu. Dr. Adrian Marinescu: „Die Saison ist noch lange nicht vorbei.“ Ärzte rufen. Inmitten einer Flut von Atemwegsinfektionen werden täglich mindestens 100 Grippepatienten diagnostiziert, von denen die Hälfte im Krankenhaus bleibt. Doktor Adrian Marinescu, Leiter des Nationalen Instituts für Infektionskrankheiten „Prof. Dr. Matei Balș“ aus Bucu...",Valul de gripă crește alarmant în România. Dr Adrian Marinescu: „Sezonul e departe de a se încheia”. Apelul medicilor,"În plin val de infecții respiratorii, sunt diagnosticați zilnic cel puțin 100 de pacienți cu gripă, dintre care jumătate rămân internați în spitale. Doctorul Adrian Marinescu, managerul Institutului Național de Boli Infecțioase „Prof. Dr. Matei Balș” din Bucu…","The flu wave is growing alarmingly in Romania. Dr Adrian Marinescu: ""The season is far from over"". Doctors call. In the midst of a flurry of respiratory infections, at least 100 flu patients are diagnosed daily, half of whom remain hospitalized. Doctor Adrian Marinescu, manager of the National Institute of Infectious Diseases ""Prof. Dr. Matei Balș"" from Bucu...","Fluctus turbatim in Romania crescit. Dr Adrian Marinescu: ""Tempus est longe ab orbe"". Doctores vocant. In medio tumultus infectionum respiratorii, saltem 100 fluminum aegrorum cotidie dignoscitur, quorum dimidium nosocomium manent. Doctor Adrianus Marinescu, procurator Instituti Infectivi Morborum Nationalium ""Prof. Dr. Matei Balș"" de Bucu...",https://www.digi24.ro/stiri/actualitate/sanatate/valul-de-gripa-creste-alarmant-in-romania-dr-adrian-marinescu-sezonul-e-departe-de-a-se-incheia-apelul-medicilor-3584237,https://s.iw.ro/gateway/g/ZmlsZVNvdXJjZT1odHRwJTNBJTJGJTJG/c3RvcmFnZTA4dHJhbnNjb2Rlci5yY3Mt/cmRzLnJvJTJGc3RvcmFnZSUyRjIwMjYl/MkYwMSUyRjE0JTJGMjU0MTg3M18yNTQx/ODczX2FHRnphRDB4TWpObFpXTTFOemRp/WldRek5qWXdOVGRtWVRNMk0yRm1ORFU1/T0dOak9RX3RodW1iXy5qcGcmdz0xMjAw/Jmg9NjMwJnpjPTEmaGFzaD01OGQ2YmNh/Mzc1MDJkYWM5ZDFjMWM2ZmExNTE2YjUxYg==.thumb.jpg,,"În plin val de infecii respiratorii, sunt diagnosticai zilnic cel puin 100 de pacieni cu grip, dintre care jumtate rmân internai în spitale. Doctorul Adrian Marinescu, managerul Institutului Naional … [+3093 chars]",,2026-01-15 10:53:41+00:00,wmo,Brazil,SAM,South-America
cd55638ef03ebf9ac7926469eb2a28e1,2026-01-09T10:54:21Z,Drought,uscăciune rwanda,www.digi24.ro,ro,0.3,"Neue Klimakrisenwarnung: Ozeane haben im Jahr 2025 große Mengen an Wärme absorbiert. Die Ozeane haben im Jahr 2025 einen neuen Erwärmungsrekord aufgestellt und mehr als 90 % der durch Kohlenstoffverschmutzung erzeugten Wärme absorbiert, was Hurrikane, sintflutartige Regenfälle, Überschwemmungen und Hitzewellen im Meer verstärkt, warnen Wissenschaftler.",Nou avertisment privind criza climatică: Oceanele au absorbit cantități uriașe de căldură în 2025,"Oceanele au înregistrat în 2025 un nou record de încălzire, preluând peste 90% din căldura generată de poluarea cu carbon, ceea ce a amplificat uraganele, ploile torențiale, inundațiile și valurile de căldură marine, avertizează oamenii de știință.","New climate crisis warning: Oceans absorbed huge amounts of heat in 2025 The oceans set a new warming record in 2025, absorbing more than 90% of the heat generated by carbon pollution, amplifying hurricanes, torrential rains, floods and marine heat waves, scientists warn.","Novum discrimen climatis monens: Oceani ingentes aestus in anno 2025 haurientes oceani novum calefactionem recordum anno 2025 constituunt, plus quam 90% caloris ex contagione carbonis generati, amplificantes procellas, imbres torrentes, inundationes et aestus marinos fluctus, viri docti monent.",https://www.digi24.ro/stiri/sci-tech/natura-si-mediu/nou-avertisment-privind-criza-climatica-oceanele-au-absorbit-cantitati-uriase-de-caldura-in-2025-3578001,https://s.iw.ro/gateway/g/ZmlsZVNvdXJjZT1odHRwJTNBJTJGJTJG/c3RvcmFnZTA4dHJhbnNjb2Rlci5yY3Mt/cmRzLnJvJTJGc3RvcmFnZSUyRjIwMjYl/MkYwMSUyRjA5JTJGMjUzNTUwNl8yNTM1/NTA2X29jZWFuLmpwZyZ3PTEyMDAmaD02/MzAmemM9MSZoYXNoPTkwZGM0MGExYTU0NTA2ZDFhOWEyZWU5MzZkOTBjNTU1.thumb.jpg,,"Oceanele au înregistrat în 2025 un nou record de înclzire, preluând peste 90% din cldura generat de poluarea cu carbon, ceea ce a amplificat uraganele, ploile toreniale, inundaiile i valurile de cldu… [+3555 chars]",,2026-01-15 10:53:41+00:00,edo,Rwanda,SEAF,Africa
d07fe29732427286c50f32faa24a5905,2026-01-11T14:32:45Z,Storm,furtună furtună astm victoria,www.mediafax.ro,ro,0.3,"Cristian Socol: „Der Winter kommt“, der Sturm von 10 Jahren und die Ruhe danach. Wird ein verheerender Krieg das globale Spiel auf den Kopf stellen? Analyse basierend auf superlangen Kondratieff-Zyklen | EXKLUSIV. Die nächsten zehn Jahre werden von Unsicherheit und extremen Risiken geprägt sein, da der Übergang zwischen dem aktuellen Kondratieff-Superzyklus und dem Beginn eines neuen Zyklus zunimmt, eine Zeit, in der sich in den meisten Fällen die Endphasen der Superzyklen überschneiden …","Cristian Socol: ”Winter is coming”, furtuna de 10 ani și liniștea de după. Se va reseta jocul global printr-un război devastator? Analiză pe baza ciclurilor superlungi Kondratieff | EXCLUSIV","Următorii zece ani vor fi marcați de incertitudine și risc extrem, pe fondul tranziției dintre actualul superciclu Kondratieff și începutul unui nou ciclu, o perioadă în care, în majoritatea cazurilor, fazele terminale ale superciclurilor se suprapun creșteri…","Cristian Socol: ""Winter is coming"", the storm of 10 years and the calm after. Will a devastating war reset the global game? Analysis based on superlong Kondratieff cycles | EXCLUSIVE. The next ten years will be marked by uncertainty and extreme risk, amid the transition between the current Kondratieff supercycle and the start of a new cycle, a time when, in most cases, the terminal phases of supercycles overlap increases…","Cristian Socol: ""Hiems venit"", tempestas 10 annorum et tranquillitas post. Num bellum vastatum globalem ludum reset? Analysis ex superlongis cyclis Kondratieff | PRAECIPUUS. Proximi decem anni incertitudine et maximo periculo notabuntur, inter transitum inter supercyclum hodiernum Kondratieff et initium novi cycli, quando, ut in pluribus, gradus terminales supercycles aliudque augent…",https://www.mediafax.ro/economic/cristian-socol-winter-is-coming-furtuna-de-10-ani-si-linistea-de-dupa-se-va-reseta-jocul-global-printr-un-razboi-devastator-analiza-pe-baza-ciclurilor-superlungi-kondratieff-ex-23669585,https://www.mediafax.ro//wp-content/uploads/2025/09/17-3-cristian-socol-6907058-mediafax-foto-octav-ganea.webp,,Argumentez în aceast analiz de ce consider c urmtorii 10 ani aduc incertitudine i risc extrem. Tranziia spre noul superciclu Kondratieff va fi dureroas pentru multe ri aflate la periferie i în regiun… [+9587 chars],,2026-01-15 10:53:41+00:00,aidr,Australia,SAU,Oceania
56ff523514d3c92a67487e31d5a30db4,2026-01-03T05:00:51Z,Tsunami,tsunami,www.digi24.ro,ro,0.1,"„Ein Tsunami der Belästigung.“ Die Astronautin Amanda Nguyen sprach über Depressionen und Traumata nach dem Blue Origin-Flug. Die Astronautin Amanda Nguyen, die erste Vietnamesin im Weltraum, hat offen über die schwere Depression gesprochen, die sie nach dem rein weiblichen Flug von Blue Origin erlitten hat, und gesagt, sie sei das Ziel eines „Tsunamis an Schikanen“ im Internet und in den Medien gewesen.",„Un tsunami de hărțuire”. Astronauta Amanda Nguyen a vorbit despre depresie și traume după zborul Blue Origin,"Astronauta Amanda Nguyen, prima femeie vietnameză care a ajuns în spațiu, a vorbit deschis despre depresia severă prin care a trecut după zborul exclusiv feminin al companiei Blue Origin, afirmând că a fost ținta unui „tsunami de hărțuire” online și mediatic.…","""A Tsunami of Harassment."" Astronaut Amanda Nguyen spoke about depression and trauma after the Blue Origin flight. Astronaut Amanda Nguyen, the first Vietnamese woman in space, has spoken openly about the severe depression she went through after Blue Origin's all-female flight, saying she was the target of a ""tsunami of harassment"" online and in the media.","""A Tsunami de vexatione."" Astronaut Amanda Nguyen locutus est de tristitia et trauma post Originem Venetus fugam. Astronaut Amanda Nguyen, prima mulier Vietnamica in spatio, palam de gravi tristitia locutus est perambulavit post fugam omnem feminam originis Blue dicens illam esse scopum ""tsunami vexationis"" in instrumentis et instrumentis.",https://www.digi24.ro/stiri/externe/un-tsunami-de-hartuire-astronauta-amanda-nguyen-a-vorbit-despre-depresie-si-traume-dupa-zborul-blue-origin-3569071,https://s.iw.ro/gateway/g/ZmlsZVNvdXJjZT1odHRwJTNBJTJGJTJG/c3RvcmFnZTA4dHJhbnNjb2Rlci5yY3Mt/cmRzLnJvJTJGc3RvcmFnZSUyRjIwMjYl/MkYwMSUyRjAyJTJGMjUxNzI4NV8yNTE3/Mjg1X1NjcmVlbnNob3QtMjAyNi0wMS0w/Mi0xNDM1MjcucG5nJnc9MTIwMCZoPTYz/MCZ6Yz0xJmhhc2g9YTljNzQzOGQxZmRhNzI2ZmNlZmNmODQyMTBkMDYwZmU=.thumb.jpg,,"Astronauta Amanda Nguyen, prima femeie vietnamez care a ajuns în spaiu, a vorbit deschis despre depresia sever prin care a trecut dup zborul exclusiv feminin al companiei Blue Origin, afirmând c a fo… [+3571 chars]",,2026-01-15 11:14:31+00:00,random,,,
d58af14daa692bc9a4008d6e9db26e4d,2026-01-04T11:15:48Z,Heat Wave,căldură,adevarul.ro,ro,0.9,"Das Kapital friert ein. Tausende Bukarester hatten keine Heizung und kein heißes Wasser. Der Zusammenbruch bei CET Sud betrifft mehrere Sektoren bis nach Sfântul Ion. Tausende Einwohner von Bukarest bleiben zu Beginn des Jahres aufgrund einer größeren Panne bei CET Sud ohne Warmwasser und Heizung, wobei die normale Versorgung mit Heizmitteln erst nach dem 7. Januar geschätzt wird.",Capitala îngheață. Mii de bucureşteni au rămas fără căldură şi apă caldă. Avaria de la CET Sud afectează mai multe sectoare până după Sfântul Ion,"Mii de bucureșteni rămân fără apă caldă și căldură la început de an, din cauza unei avarii majore la CET Sud, furnizarea normală a agentului termic fiind estimată abia după 7 ianuarie.","The capital freezes. Thousands of Bucharesters were left without heat and hot water. The breakdown at CET Sud affects several sectors until after Sfântul Ion. Thousands of Bucharest residents remain without hot water and heat at the beginning of the year, due to a major breakdown at CET Sud, the normal supply of heating agent being estimated only after January 7.","Caput coit. Milia Bucharestriae sine calore et aqua calida relicta sunt. Naufragii in CET Sud varias partes afficit usque post Sfantul Ion. Milia incolarum Bucharestensium sine aqua calida et calore ineunte anni manent, ob maiorem naufragii in CET Sud, normali copia agentis calefactionis tantum post VII Ianuarii aestimatur.",https://adevarul.ro/stiri-locale/bucuresti/capitala-ingheata-mii-de-bucuresteni-au-ramas-2498447.html,https://cdn.adh.reperio.news/image-d/d4b7eaad-aed4-4255-9da7-b0f7fc793963/index.jpeg?p=f%3Djpeg%26w%3D1200%26h%3D630%26r%3Dcover,,"Mii de bucureteni
rmân fr ap cald i cldur la început de an, din cauza unei avarii majore
la CET Sud, furnizarea normal a agentului termic fiind estimat abia dup 7
ianuarie.
O avarie major
aprut … [+1400 chars]",,2026-01-15 15:58:19+00:00,random,,,
595f7688a099026503e98baf5e258bbf,2026-01-05T12:12:57Z,Heat Wave,căldură,hotnews.ro,ro,0.9,"Fast 40 % der Wohnblöcke in Bukarest: Probleme mit Warmwasser und Heizung nach einer größeren Panne. Wenn die Behörden davon ausgehen, dass die Situation behoben wird. Mehrere 3.476 Gebäude in Bukarest verfügen am Montagmittag nicht über normale Heizung und Warmwasser. Laut der Termo Alert-Anwendung sind dies 37,7 % der gesamten Blöcke, die an das zentrale System in der Hauptstadt angeschlossen sind.","Aproape 40% din blocurile din București, probleme cu apa caldă și căldura după o avarie majoră. Când estimează autoritățile că se va remedia situația","Un număr de 3.476 de imobile din București nu au căldură și apă caldă la parametrii normali, luni la prânz. Asta înseamnă 37,7% din totalul blocurilor racordate la sistemul centralizat din Capitală, potrivit aplicației Termo Alert.","Almost 40% of the blocks in Bucharest, problems with hot water and heat after a major breakdown. When the authorities estimate that the situation will be rectified. A number of 3,476 buildings in Bucharest do not have heat and hot water at normal parameters, Monday at noon. This means 37.7% of the total blocks connected to the centralized system in the Capital, according to the Termo Alert application.","Prope 40% caudices in Bucharest, problemata cum aqua calida et calore maiore naufragii. Cum auctores condicionem emendari existimant. Aliquot ex 3,476 aedificia in Bucharest non habent calorem et aquam calidam in parametris normalibus, Lunae in meridie. Hoc significat 37.7% totius caudices ad systema centralizatum in Capital connexum, iuxta applicationem Termonis erecti.",https://hotnews.ro/aproape-40-din-blocurile-din-bucuresti-probleme-cu-apa-calda-si-caldura-dupa-o-avarie-majora-la-sistemul-de-termoficare-2144333,https://hotnews.ro/wp-content/uploads/2025/11/dreamstime_s_130434378-1.jpg,,"Un numr de 3.476 de imobile din Bucureti nu au cldur i ap cald la parametrii normali, luni la prânz. Asta înseamn 37,7% din totalul blocurilor racordate la sistemul centralizat din Capital, potrivit … [+2511 chars]",,2026-01-15 15:58:19+00:00,random,,,
3b7d4df2ab54ef5760935c4250105197,2026-01-06T16:52:07Z,Heat Wave,căldură,hotnews.ro,ro,0.9,"Elcen gibt bekannt, dass die Panne bei CET Sud, die dazu führte, dass fast 40 % der Blöcke in Bukarest ohne Heizung und Warmwasser blieben, behoben wurde und macht dafür die „alten Rohre“ von Termoenergetica verantwortlich. Elcen gab am Dienstag bekannt, dass der Schaden an einem Kessel bei CET Bukarest Sud repariert und die Anlage unter sicheren Bedingungen wieder in Betrieb genommen wurde, und erklärte, dass „der jüngste technische Vorfall …“","Elcen anunță că avaria de la CET Sud, care a lăsat aproape 40% din blocurile din București fără căldură și apă caldă, a fost remediată și dă vina pe „conductele vechi” ale Termoenergetica","Elcen a anunțat, marți, că a fost remediată avaria apărută la un cazan din cadrul CET Bucureşti Sud și că echipamentul a fost readus în funcţiune în condiţii de siguranţă, precizând că „incidentul tehnic recent…","Elcen announces that the breakdown at CET Sud, which left almost 40% of the blocks in Bucharest without heat and hot water, has been fixed and blames the ""old pipes"" of Termoenergetica. Elcen announced, on Tuesday, that the damage to a boiler at CET Bucharest Sud was repaired and that the equipment was brought back into operation under safe conditions, stating that ""the recent technical incident...","Elcen denuntiat naufragii apud CET Sud, qui prope 40% of caudices in Bucharesti sine calore et aqua calida reliquit, fixum est et vituperat ""veteres fistulas"" Termoenergeticae. Elcen die Martis denuntiavit damnum coquentis in CET Bucharest Sud reparatum esse et apparatum in operando sub condiciones tuto reductum esse, affirmans ""recens technicorum incidentes...",https://hotnews.ro/elcen-anunta-ca-avaria-de-la-cet-sud-care-a-lasat-aproape-40-din-blocurile-din-bucuresti-fara-caldura-si-apa-calda-a-fost-remediata-si-da-vina-pe-conductele-vechi-ale-termoenergeti-2145035,https://hotnews.ro/wp-content/uploads/2024/04/image-2022-04-23-25514334-41-case-blocuri-locuinte-bucuresti-2.jpg,,"Elcen a anunat, mari, c a fost remediat avaria aprut la un cazan din cadrul CET Bucureti Sud i c echipamentul a fost readus în funciune în condiii de siguran, precizând c incidentul tehnic recent nu … [+5802 chars]",,2026-01-15 15:58:19+00:00,random,,,
d04f3070058a7cb55643863ae78b4d65,2026-01-11T11:57:16Z,Heat Wave,căldură,www.digi24.ro,ro,0.9,"Die Hälfte der städtischen Bevölkerung Rumäniens wird von der extremen Hitze betroffen sein. „Der Klimawandel ist kein Zukunftsszenario mehr.“ Bis 2040 wird die Hälfte der städtischen Bevölkerung Rumäniens von extremen Hitzewellen betroffen sein, und der maximale Temperaturunterschied zwischen dem Zentrum von Bukarest und den angrenzenden ländlichen Gebieten, der durch den Urban Heat Island-Effekt verursacht wird, ist in... enthalten.",Jumătate din populaţia urbană a României va fi afectată de căldura extremă. „Schimbările climatice nu mai sunt un scenariu de viitor”,"Jumătate din populaţia urbană a României va fi afectată de valuri de căldură extremă, până în anul 2040, iar diferenţa maximă de temperatură dintre centrul Bucureştiului şi zonele rurale adiacente, cauzată de efectul Insulei de Căldură Urbană este cuprinsă în…","Half of Romania's urban population will be affected by the extreme heat. ""Climate change is no longer a future scenario."" Half of Romania's urban population will be affected by extreme heat waves by 2040, and the maximum temperature difference between the center of Bucharest and the adjacent rural areas, caused by the Urban Heat Island effect, is contained in...","Dimidium incolarum urbis Romaniae maximo calore afficietur. ""Mutatio climatis iam non est futura missio."" Dimidium urbanae incolarum Romaniae maximis caloribus ab 2040 fluctibus afficietur, et maxima differentia inter centrum Bucharesti et regiones rurales vicinas, effectus ab Urbano Cale Islandia effectus, continetur.",https://www.digi24.ro/stiri/sci-tech/natura-si-mediu/jumatate-din-populatia-urbana-a-romaniei-va-fi-afectata-de-caldura-extrema-schimbarile-climatice-nu-mai-sunt-un-scenariu-de-viitor-3580105,https://s.iw.ro/gateway/g/ZmlsZVNvdXJjZT1odHRwJTNBJTJGJTJG/c3RvcmFnZTA4dHJhbnNjb2Rlci5yY3Mt/cmRzLnJvJTJGc3RvcmFnZSUyRjIwMjUl/MkYwOCUyRjA3JTJGMjMyMzA5N18yMzIz/MDk3X2NhbmljdWxhLmpwZyZ3PTEyMDAm/aD02MzAmemM9MSZoYXNoPTY4OWZmNzFkZmVkYTQzODM4NjhmMWYyNzc4MzUwNTQx.thumb.jpg,,"Jumtate din populaia urban a României va fi afectat de valuri de cldur extrem, pân în anul 2040, iar diferena maxim de temperatur dintre centrul Bucuretiului i zonele rurale adiacente, cauzat de efec… [+4319 chars]",,2026-01-15 15:58:19+00:00,random,,,
5c90790df55869a8657e9c7c023329f1,2026-01-12T18:30:14Z,Heat Wave,căldură,www.digi24.ro,ro,0.9,"Die Heizungsanlage in der Hauptstadt wird im Notbetrieb betrieben. Ciucu: Die Menschen in Bukarest werden Wärme und Warmwasser haben. Der Generalbürgermeister der Hauptstadt, Ciprian Ciucu, und der Energieminister Bogdan Ivan gaben bekannt, dass sie die Vertreter von ELCEN und Termoenergetica an einen Tisch gebracht hätten, um die Probleme zu bewältigen, die im Heizsystem der Hauptstadt nach einigen Ausfällen in ... entstanden seien.",Sistemul de termoficare din Capitală va funcționa în regim de avarie. Ciucu: Bucureștenii vor avea căldură și apă caldă,"Primarul general al Capitalei Ciprian Ciucu și ministrul Energiei Bogdan Ivan au anunțat că au adus la aceeași masă reprezentanții ELCEN și Termoenergetica pentru a gestiona problemele apărute în sistemul de termoficare al Capitalei, în urma unor avarii la ce…","The heating system in the Capital will operate in emergency mode. Ciucu: Bucharest residents will have heat and hot water. The General Mayor of the Capital, Ciprian Ciucu, and the Minister of Energy, Bogdan Ivan, announced that they had brought the representatives of ELCEN and Termoenergetica to the same table to manage the problems arising in the heating system of the Capital, following some breakdowns at...","Systema calefactionis in Capital de modo subitis operabitur. Ciucu: Homines de Bucharest habebunt aquam calidam et calidam. Major Generalis Capitalis, Ciprianus Ciucu et Minister Energy, Bogdan Ivan, renuntiaverunt legatos ELCEN et Termoenergetica eidem mensae adduxisse ad problemata in calefactione Capitalis orta, nonnullas ruinas sequentes.",https://www.digi24.ro/stiri/actualitate/social/sistemul-de-termoficare-din-capitala-va-functiona-in-regim-de-avarie-ciucu-bucurestenii-vor-avea-caldura-si-apa-calda-3581945,https://s.iw.ro/gateway/g/ZmlsZVNvdXJjZT1odHRwJTNBJTJGJTJG/c3RvcmFnZTA4dHJhbnNjb2Rlci5yY3Mt/cmRzLnJvJTJGc3RvcmFnZSUyRjIwMjYl/MkYwMSUyRjEyJTJGMjUzOTQ2M18yNTM5/NDYzX2l2YW4tY2l1Y3UtZWxjZW4tdGVy/bW9lbmVyZ2V0aWNhLmpwZyZ3PTEyMDAm/aD02MzAmemM9MSZoYXNoPTllNmJlOGU4M2ZmOWNlMDUzMDkyNjM2NTRlNjU2Njc4.thumb.jpg,,Primarul general al Capitalei Ciprian Ciucu i ministrul Energiei Bogdan Ivan au anunat c au adus la aceeai mas reprezentanii ELCEN i Termoenergetica pentru a gestiona problemele aprute în sistemul de… [+3061 chars],,2026-01-15 15:58:19+00:00,random,,,
34f58d63da8f0dc8a912125d0cc115e7,2026-01-13T04:00:24Z,Heat Wave,căldură,www.mediafax.ro,ro,0.9,"Die Ukraine bemüht sich um die Wiederherstellung der Strom- und Wärmeversorgung. Notfallteams haben am Montag hart daran gearbeitet, die Wärme- und Stromversorgung der belagerten Kiewer Einwohner wiederherzustellen, mehr als drei Tage nach den russischen Angriffen auf Energieziele, und Präsident Wolodymyr Selenskyj warnte davor…",Ucraina depune eforturi pentru a restabili alimentarea cu energie electrică și căldură,"Echipele de urgență au lucrat din greu luni pentru a restabili căldura și energia electrică pentru locuitorii asediați din Kiev, la mai mult de trei zile după atacurile rusești asupra obiectivelor energetice, iar președintele Volodimir Zelenski a avertizat că…","Ukraine is making efforts to restore electricity and heat supplies. Emergency crews worked hard on Monday to restore heat and power to besieged residents of Kiev, more than three days after Russian attacks on energy targets, and President Volodymyr Zelenskiy warned that…","Ucraina operam dat ut copiam electricitatis et caloris restituat. Subitis nautae laborantes die Lunae ad calorem et potentiam restaurandam habitantes Kioviae obsidebant, plus quam tres dies post oppugnationes Russiae in scuta industria, et Praeses Volodymyr Zelenskiy monuit se…",https://www.mediafax.ro/externe/ucraina-depune-eforturi-pentru-a-restabili-alimentarea-cu-energie-electrica-si-caldura-23670270,https://www.mediafax.ro//wp-content/uploads/2026/01/captura-de-ecran-2026-01-05-072208.png,,"Oficialii au declarat c sute de blocuri de apartamente din capital au rmas fr cldur, în ciuda eforturilor depuse non-stop de echipele de intervenie. Centrele umanitare, denumite puncte de rezilien, a… [+2375 chars]",,2026-01-15 15:58:19+00:00,random,,,
1337aa80e594e9b7f6778a6f5fe359eb,2026-01-13T05:00:26Z,Heat Wave,căldură,www.digi24.ro,ro,0.9,"Der Gefahr, der Rumänen ausgesetzt sind, die sich am Herd wärmen. Arzt: „Im Winter registrieren wir tödliche Fälle.“ Aufgrund von Ausfällen in der Heizungsanlage haben Zehntausende Rumänen oft keine Heizung. In Bukarest gibt es über 3.500 Wohnblöcke, die immer noch kein Heizmittel erhalten. Da es keine Alternative gibt, heizen immer mehr Menschen mit Öfen, einem…",Pericolul la care se expun românii care folosesc aragazul pentru a se încălzi. Medic: „Iarna înregistrăm cazuri fatale”,"Avariile din sistemele de termoficare lasă adesea zeci de mii de români fără căldură. În București sunt peste 3.500 de blocuri care în continuare nu primesc agent termic. În lipsa unei alternative, tot mai mulți oameni folosesc aragazele pentru încălzire, o s…","The danger to which Romanians who use the stove to warm themselves are exposed. Doctor: ""In winter we register fatal cases"". Breakdowns in heating systems often leave tens of thousands of Romanians without heat. In Bucharest, there are over 3,500 blocks that still do not receive heating agent. In the absence of an alternative, more and more people use stoves for heating, a…","Periculum est quo Romani qui camino utuntur ad calefaciendum se expositi sunt. Medicus: ""Hieme casus fatales mandare debemus"". Naufragia in systematibus calefactionibus saepe decem milia Romanorum sine calore exeunt. In Bucharest, supersunt 3,500 caudices quae adhuc non recipiunt calefactionem agentis. In absentia alterius, magis ac magis utuntur caminis ad calefaciendum, os…",https://www.digi24.ro/stiri/pericolul-la-care-se-expun-romanii-care-folosesc-aragazul-pentru-a-se-incalzi-medic-iarna-inregistram-cazuri-fatale-3581719,https://s.iw.ro/gateway/g/ZmlsZVNvdXJjZT1odHRwJTNBJTJGJTJG/c3RvcmFnZTA4dHJhbnNjb2Rlci5yY3Mt/cmRzLnJvJTJGc3RvcmFnZSUyRjIwMjQl/MkYxMSUyRjI3JTJGMjEzNzUxOF8yMTM3/NTE4X2FwcmluZGVyZS1hcmFnYXotZ2F6/ZS1zaHV0dGVyc3RvY2tfMjE5OTQ5ODkw/MS5qcGcmdz0xMjAwJmg9NjMwJnpjPTEm/aGFzaD1hZmYyOTE1MzhkNzIzMDBhZWUyZGUzZjcwNmU4MDYxMg==.thumb.jpg,,"Avariile din sistemele de termoficare las adesea zeci de mii de români fr cldur. În Bucureti sunt peste 3.500 de blocuri care în continuare nu primesc agent termic. În lipsa unei alternative, tot mai… [+1735 chars]",,2026-01-15 15:58:19+00:00,random,,,
c6c5b3389476154880508a8c254dbe8b,2026-01-13T09:03:56Z,Heat Wave,căldură,www.digi24.ro,ro,0.9,"Mehrere Krankenhäuser in der Hauptstadt ohne Heizung. Es wurde beschlossen, die Anzahl der Operationen zu reduzieren. „In manchen Salons sind es 16 Grad.“ Gesundheitsminister Alexandru Rogobete erklärte, dass mehrere Krankenhäuser unter der Leitung der Einrichtung derzeit Probleme mit der Wärmeversorgung hätten.","Mai multe spitale din Capitală, fără căldură. S-a decis reducerea numărului de operații. „În unele saloane sunt 16 grade”",Ministrul Sănătăţii Alexandru Rogobete a declarat că mai multe spitale aflate în subordinea instituţiei au probleme în acest moment cu asigurarea căldurii.,"Several hospitals in the capital, without heat. It was decided to reduce the number of operations. ""It's 16 degrees in some salons."" The Minister of Health, Alexandru Rogobete, stated that several hospitals under the authority of the institution are currently having problems with providing heat.","Multa in nosocomia capitali, sine aestu. Numerum operationum reducere placuit. ""Est 16 gradus in quibusdam salonibus."" Minister Health, Alexandru Rogobete, affirmavit plura nosocomia sub auctoritate institutionis nunc habere difficultates cum calore comparando.",https://www.digi24.ro/stiri/actualitate/mai-multe-spitale-din-capitala-fara-caldura-s-a-decis-reducerea-numarului-de-operatii-in-unele-saloane-sunt-16-grade-3582523,https://s.iw.ro/gateway/g/ZmlsZVNvdXJjZT1odHRwJTNBJTJGJTJG/c3RvcmFnZTA4dHJhbnNjb2Rlci5yY3Mt/cmRzLnJvJTJGc3RvcmFnZSUyRjIwMjYl/MkYwMSUyRjEzJTJGMjUzOTkyOF8yNTM5/OTI4X0lEODg3ODZfSU5RVUFNX1Bob3Rv/c19HZW9yZ2VfQ2FsaW4uanBnJnc9MTIw/MCZoPTYzMCZ6Yz0xJmhhc2g9OTAwNjNh/Njc5MGI3NGQ4YTEyNzkyOTgzOWUxODIwY2Q=.thumb.jpg,,"Ministrul Sntii Alexandru Rogobete a declarat c mai multe spitale aflate în subordinea instituiei au probleme în acest moment cu asigurarea cldurii.
Cea mai dificil situaie este la Institutul de Bol… [+2911 chars]",,2026-01-15 15:58:19+00:00,random,,,
8d6a4ce7c6a6d2eb21bacd1db98b158a,2026-01-13T09:19:25Z,Heat Wave,căldură,adevarul.ro,ro,0.9,Mehrere Krankenhäuser in der Hauptstadt haben keine Heizung. Mitteilung des Gesundheitsministers. Mehrere dem Gesundheitsministerium unterstehende Krankenhäuser haben Probleme mit der Wärmeversorgung. Die schwierigste Situation herrscht am Institut für Herz-Kreislauf-Erkrankungen CC Iliescu in der Hauptstadt.,Mai multe spitale din Capitală nu au căldură. Anunțul ministrului Sănătății,Mai multe spitale aflate în subordinea Ministerului Sănătății au probleme cu asigurarea căldurii. Cea mai dificilă situaţie este la Institutul de Boli Cardiovasculare CC Iliescu din Capitală.,Several hospitals in the capital have no heat. Announcement of the Minister of Health. Several hospitals under the Ministry of Health have problems with providing heat. The most difficult situation is at the Institute of Cardiovascular Diseases CC Iliescu in the Capital.,Pluribus hospitiis in capitalibus nullum calorem habent. Annuntiatio Ministri Salutem. Plures valetudinaria sub Ministerio Health difficultates habent cum calore comparando. Difficillima res est apud Institutum morborum cardiovascularium CC Iliescu in Capital.,https://adevarul.ro/stiri-interne/sanatate/mai-multe-spitale-din-capitala-nu-au-caldura-2500401.html,https://cdn.adh.reperio.news/image-a/a7221a19-5c04-4096-b179-0afa9455ec01/index.png?p=f%3Djpeg%26w%3D1200%26h%3D630%26r%3Dcover%26c%3D0.018%252C0%252C0.982%252C0.981,,"Mai multe spitale aflate în subordinea Ministerului Sntii au probleme cu asigurarea cldurii. Cea mai dificil situaie este la Institutul de Boli Cardiovasculare CC Iliescu din Capital.
Ministrul Snti… [+1827 chars]",,2026-01-15 15:58:19+00:00,random,,,
aa3e54e5bc96834b4029821aa85e6c63,2026-01-11T08:30:34Z,Snow&Ice,ger de noapte,hotnews.ro,ro,0.8,"Am Montagabend werden in Bukarest minus 13 Grad vorhergesagt. Meteorologe: Die Intensität des Schnees nimmt ab, aber die Frostwelle bleibt im ganzen Land bestehen. Die niedrigsten Temperaturen von -18 und -17 Grad wurden in der Nacht von Samstag auf Sonntag in Satu Mare und Oradea gemessen. Die Frostwelle wird in Rumänien bis Freitag andauern, sagt Meteorologe Mihai...","Minus 13 grade prognozate în București luni noapte. Meteorolog: Ninsorile scad în intensitate, dar valul de ger rămâne în toată țara","Cele mai scăzute temperaturi, de -18 și -17 grade au fost, în noaptea de sâmbătă spre duminică, la Satu Mare și la Oradea. Valul de ger va persista în România până vineri, spune meteorologul Mihai…","Minus 13 degrees forecast in Bucharest on Monday night. Meteorologist: The snow is decreasing in intensity, but the frost wave remains throughout the country. The lowest temperatures, of -18 and -17 degrees, were in Satu Mare and Oradea during the night from Saturday to Sunday. The frost wave will persist in Romania until Friday, says meteorologist Mihai...","Minus 13 gradus praenuntiant in Bucharest die Lunae noctis. Meteorologist: Nix in intensione decrescit, sed unda gelu per patriam manet. Infimae temperaturae, -18 et -17 graduum, in Satu Mare et Varadino per noctem fuerunt a Saturni usque ad Dominicam. Gelu fluctus in Romania usque ad Veneris diem perseverabit, dicit astrologus Mihai...",https://hotnews.ro/minus-13-grade-prognozate-in-bucuresti-luni-noapte-meteorolog-ninsorile-scad-in-intensitate-dar-valul-de-ger-ramane-in-toata-tara-2147688,https://hotnews.ro/wp-content/uploads/2026/01/ID330518_INQUAM_Photos_George_Calin.jpg,,"Cele mai sczute temperaturi, de -18 i -17 grade au fost, în noaptea de sâmbt spre duminic, la Satu Mare i la Oradea. Valul de ger va persista în România pân vineri, spune meteorologul Mihai Hutiu de … [+736 chars]",,2026-01-18 10:47:42+00:00,random,,,
7ebecd6ef843aca276851881e2f62353,2026-01-14T09:00:52Z,Snow&Ice,ger de noapte,www.digi24.ro,ro,0.8,"Meteorologen sagen eine Erwärmung des Wetters voraus, gefolgt von erneutem Frost. Wie sehen die Temperaturschwankungen in der nächsten Periode aus? Die Temperaturen werden laut Thermometer steigen, mit Höchstwerten, aber unter mehrjährigen Durchschnittswerten, insbesondere in den nördlichen, zentralen und östlichen Teilen Rumäniens. Die Höchsttemperaturen am Mittwoch liegen in der Regel zwischen -6 und 6 Grad, nachts bleiben die Tiefsttemperaturen unter 0 Grad...","Meteorologii anunță o încălzire a vremii, urmată din nou de ger. Cum arată fluctuațiile de temperatură din următoarea perioadă","Temperaturile vor crește în termometre, cu maxime însă sub mediile multianuale în special în părțile de nord, centru, est ale României. Maximele de miercuri se vor încadra în general între -6 și 6 grade, urmând ca noaptea temperaturile minime să rămână sub 0 …","Meteorologists predict a warming of the weather, followed by frost again. What do the temperature fluctuations look like in the next period. Temperatures will increase in thermometers, with maximums but below multi-year averages, especially in the northern, central and eastern parts of Romania. Wednesday's highs will generally fall between -6 and 6 degrees, with minimum temperatures staying below 0 at night...","Astrologi calefactionem tempestatis praedicunt, gelu iterum sequitur. Quid temperatura ambigua simile in sequenti tempore. Temperaturae in thermometris crescent, maximis sed infra multi-annis averages, praesertim in partibus septentrionalibus, centralibus et orientalibus Romaniae. Mercurii grauis fere inter 6 et 6 gradus cadet, cum temperaturis minimis sub 0 noctu manentibus.",https://www.digi24.ro/meteo/meteorologii-anunta-o-incalzire-a-vremii-urmata-din-nou-de-ger-cum-arata-fluctuatiile-de-temperatura-din-urmatoarea-perioada-3584259,https://s.iw.ro/gateway/g/ZmlsZVNvdXJjZT1odHRwJTNBJTJGJTJG/c3RvcmFnZTA4dHJhbnNjb2Rlci5yY3Mt/cmRzLnJvJTJGc3RvcmFnZSUyRjIwMjUl/MkYwMyUyRjE1JTJGMjIxMjY2Ml8yMjEy/NjYyX3NodXR0ZXJzdG9ja18xMDI5NTU2/MjU1LmpwZyZ3PTEyMDAmaD02MzAmemM9/MSZoYXNoPWYyZTFhNmVmM2FmNDc5MWQzZTUwNTk3OGZmNWIwNzli.thumb.jpg,,"Temperaturile vor crete în termometre, cu maxime îns sub mediile multianuale în special în prile de nord, centru, est ale României. Maximele de miercuri se vor încadra în general între -6 i 6 grade, … [+3146 chars]",,2026-01-18 10:47:42+00:00,random,,,
d200a41ab37351d0a153e67ab9cbc942,2026-01-16T08:41:38Z,Snow&Ice,ger de noapte,www.digi24.ro,ro,0.8,"ANM hat den Gelbfrostcode erweitert: Die Hälfte des Landes ist von den neuen Warnungen betroffen. Die Temperaturen erreichen -19 Grad. Das Wetter in der Hauptstadt. Meteorologen geben bekannt, dass die Frostwelle bis Mittwoch andauern wird und haben mehrere gelbe Warnungen herausgegeben. Am Freitag wird der Frost im Norden und Osten Moldawiens zu spüren sein und in der Nacht zum Freitag wird er mehr als die Hälfte der Kreise des Landes bedecken. Die Mindestbeträge bleiben bestehen...","ANM a prelungit codul galben de ger: jumătate de țară, vizată de noile alerte. Temperaturile ajung la -19 grade. Vremea în Capitală","Meteorologii anunţă că valul de ger se prelungeşte până miercuri şi au emis mai multe avertizări cod galben. Vineri, gerul se va resimţi în nordul şi estul Moldovei, iar vineri noapte va cuprinde mai mult de jumătate dintre judeţele ţării. Minimele se vor sit…","ANM extended the yellow frost code: half of the country, targeted by the new alerts. Temperatures reach -19 degrees. The weather in the capital. Meteorologists announce that the frost wave will last until Wednesday and have issued several yellow code warnings. On Friday, the frost will be felt in the north and east of Moldova, and on Friday night it will cover more than half of the country's counties. The minimums will sit...","ANM extendit flavum gelu codicem: Dimidium regionis, iaculis in summis novis. Temperaturae -19 gradus perveniunt. Tempestas in re capitali. Meteorologi nuntiant gelu fluctum usque ad diem Mercurii duraturum esse et varia flavum codicem monita edidisse. Veneris die gelu sentitur in Moldavia et septentrione et oriente, et nocte Veneris plus quam dimidium comitatuum patriae operiet. Minima blandit te sit...",https://www.digi24.ro/meteo/anm-a-prelungit-codul-galben-de-ger-jumatate-de-tara-vizata-de-noile-alerte-temperaturile-ajung-la-19-grade-vremea-in-capitala-3587677,https://s.iw.ro/gateway/g/ZmlsZVNvdXJjZT1odHRwJTNBJTJGJTJG/c3RvcmFnZTA4dHJhbnNjb2Rlci5yY3Mt/cmRzLnJvJTJGc3RvcmFnZSUyRjIwMjYl/MkYwMSUyRjE2JTJGMjU0NTI2NF8yNTQ1/MjY0X05EQW1hR0Z6YUQwMll6bG1aV1Zq/TnpOak9UUm1NVEV5WTJSallqRTVaVGsw/T1dWbFl6UTNPUV90aHVtYl8uanBnJnc9/MTIwMCZoPTYzMCZ6Yz0xJmhhc2g9MmE3/NDYzZTQ0NzFkMDJkNzgwMTliZmIxZDM2YjI5ZWQ=.thumb.jpg,,"Meteorologii anun c valul de ger se prelungete pân miercuri i au emis mai multe avertizri cod galben. Vineri, gerul se va resimi în nordul i estul Moldovei, iar vineri noapte va cuprinde mai mult de … [+3649 chars]",,2026-01-18 10:47:42+00:00,random,,,
c04767a8b19124407246d5978acf9da6,2026-01-17T08:38:36Z,Cold Wave,cea mai rece zi,www.digi24.ro,ro,0.9,"ANM hat die Prognose aktualisiert: Es stehen vier weitere Tage mit starkem Frost bevor. Heute war der kälteste Tag bisher. Was uns ab Mittwoch erwartet. Es stehen vier weitere Tage strengen Frosts mit Temperaturen bis zu -20 °C bevor. ANM gab am Samstag mehrere Frostwarnungen mit gelbem Code heraus, in denen gewarnt wurde, dass der größte Teil des Landes weiterhin von sehr kaltem Wetter, insbesondere nachts und morgens, betroffen ist, bis mi...",ANM a actualizat prognoza: urmează încă patru zile de ger puternic. Azi a fost cea mai rece zi de până acum. Ce ne așteaptă de miercuri,"Urmează încă patru zile de ger cumplit, cu temperaturi de până la -20°C. ANM a emis sâmbătă mai multe alerte cod galben de ger prin care avertizează că vremea foarte rece, mai ales noaptea și dimineața, continuă să afecteze cea mai mare parte a țării, până mi…","ANM has updated the forecast: four more days of severe frost are ahead. Today was the coldest day so far. What awaits us from Wednesday. There are four more days of severe frost ahead, with temperatures down to -20°C. ANM issued several frost yellow code alerts on Saturday warning that very cold weather, especially at night and in the morning, continues to affect most of the country, until mi...","ANM praesagio renovavit: quattuor dies graviores pruinae antecedunt. Hodie est dies frigidissimus tam longe. Quod nos a Mercurii manet. Quattuor dies sunt pruinae graves antecedens, cum temperaturis usque ad -20°C. ANM aliquot gelu flavi codicis editi die Sabbati summis monebant frigoris ipsum, praesertim nocturnum et mane, plurimum ruri afficere pergit, usque ad mi...",https://www.digi24.ro/meteo/anm-a-actualizat-prognoza-urmeaza-inca-patru-zile-de-ger-puternic-azi-a-fost-cea-mai-rece-zi-de-pana-acum-ce-ne-asteapta-de-miercuri-3589195,https://s.iw.ro/gateway/g/ZmlsZVNvdXJjZT1odHRwJTNBJTJGJTJG/c3RvcmFnZTA4dHJhbnNjb2Rlci5yY3Mt/cmRzLnJvJTJGc3RvcmFnZSUyRjIwMjYl/MkYwMSUyRjA4JTJGMjUzNDYwN18yNTM0/NjA3X2dlci1mcmlnLXRlcm1vbWV0cnUt/Z2V0dHlpbWFnZXMuanBnJnc9MTIwMCZo/PTYzMCZ6Yz0xJmhhc2g9ZGJmNDVhNzE3MWJjNmQ0N2RiNTUwZTYwMWY5YzdlOTM=.thumb.jpg,,"Urmeaz înc patru zile de ger cumplit, cu temperaturi de pân la -20°C. ANM a emis sâmbt mai multe alerte cod galben de ger prin care avertizeaz c vremea foarte rece, mai ales noaptea i dimineaa, conti… [+4584 chars]",,2026-01-18 10:47:42+00:00,random,,,
